"Date","Value"
"11/20/2015",2089.17
"11/23/2015",2086.59
"11/24/2015",2089.14
"11/25/2015",2088.87
"11/27/2015",2090.11
"11/30/2015",2080.41
"12/01/2015",2102.63
"12/02/2015",2079.51
"12/03/2015",2049.62
"12/04/2015",2091.69
"12/07/2015",2077.07
"12/08/2015",2063.59
"12/09/2015",2047.62
"12/10/2015",2052.23
"12/11/2015",2012.37
"12/14/2015",2021.94
"12/15/2015",2043.41
"12/16/2015",2073.07
"12/17/2015",2041.89
"12/18/2015",2005.55
"12/21/2015",2021.15
"12/22/2015",2038.97
"12/23/2015",2064.29
"12/24/2015",2060.99
"12/28/2015",2056.5
"12/29/2015",2078.36
"12/30/2015",2063.36
"12/31/2015",2043.94
"01/04/2016",2012.66
"01/05/2016",2016.71
"01/06/2016",1990.26
"01/07/2016",1943.09
"01/08/2016",1922.03
"01/11/2016",1923.67
"01/12/2016",1938.68
"01/13/2016",1890.28
"01/14/2016",1921.84
"01/15/2016",1880.33
"01/19/2016",1881.33
"01/20/2016",1859.33
"01/21/2016",1868.99
"01/22/2016",1906.9
"01/25/2016",1877.08
"01/26/2016",1903.63
"01/27/2016",1882.95
"01/28/2016",1893.36
"01/29/2016",1940.24
"02/01/2016",1939.38
"02/02/2016",1903.03
"02/03/2016",1912.53
"02/04/2016",1915.45
"02/05/2016",1880.05
"02/08/2016",1853.44
"02/09/2016",1852.21
"02/10/2016",1851.86
"02/11/2016",1829.08
"02/12/2016",1864.78
"02/16/2016",1895.58
"02/17/2016",1926.82
"02/18/2016",1917.83
"02/19/2016",1917.78
"02/22/2016",1945.5
"02/23/2016",1921.27
"02/24/2016",1929.8
"02/25/2016",1951.7
"02/26/2016",1948.05
"02/29/2016",1932.23
"03/01/2016",1978.35
"03/02/2016",1986.45
"03/03/2016",1993.4
"03/04/2016",1999.99
"03/07/2016",2001.76
"03/08/2016",1979.26
"03/09/2016",1989.26
"03/10/2016",1989.57
"03/11/2016",2022.19
"03/14/2016",2019.64
"03/15/2016",2015.93
"03/16/2016",2027.22
"03/17/2016",2040.59
"03/18/2016",2049.58
"03/21/2016",2051.6
"03/22/2016",2049.8
"03/23/2016",2036.71
"03/24/2016",2035.94
"03/28/2016",2037.05
"03/29/2016",2055.01
"03/30/2016",2063.95
"03/31/2016",2059.74
"04/01/2016",2072.78
"04/04/2016",2066.13
"04/05/2016",2045.17
"04/06/2016",2066.66
"04/07/2016",2041.91
"04/08/2016",2047.6
"04/11/2016",2041.99
"04/12/2016",2061.72
"04/13/2016",2082.42
"04/14/2016",2082.78
"04/15/2016",2080.73
"04/18/2016",2094.34
"04/19/2016",2100.8
"04/20/2016",2102.4
"04/21/2016",2091.48
"04/22/2016",2091.58
"04/25/2016",2087.79
"04/26/2016",2091.7
"04/27/2016",2095.15
"04/28/2016",2075.81
"04/29/2016",2065.3
"05/02/2016",2081.43
"05/03/2016",2063.37
"05/04/2016",2051.12
"05/05/2016",2050.63
"05/06/2016",2057.14
"05/09/2016",2058.69
"05/10/2016",2084.39
"05/11/2016",2064.46
"05/12/2016",2064.11
"05/13/2016",2046.61
"05/16/2016",2066.66
"05/17/2016",2047.21
"05/18/2016",2047.63
"05/19/2016",2040.04
"05/20/2016",2052.32
"05/23/2016",2048.04
"05/24/2016",2076.06
"05/25/2016",2090.54
"05/26/2016",2090.1
"05/27/2016",2099.06
"05/31/2016",2096.96
"06/01/2016",2099.33
"06/02/2016",2105.26
"06/03/2016",2099.13
"06/06/2016",2109.41
"06/07/2016",2112.13
"06/08/2016",2119.12
"06/09/2016",2115.48
"06/10/2016",2096.07
"06/13/2016",2079.06
"06/14/2016",2075.32
"06/15/2016",2071.5
"06/16/2016",2077.99
"06/17/2016",2071.22
"06/20/2016",2083.25
"06/21/2016",2088.9
"06/22/2016",2085.45
"06/23/2016",2113.32
"06/24/2016",2037.41
"06/27/2016",2000.54
"06/28/2016",2036.09
"06/29/2016",2070.77
"06/30/2016",2098.86
"07/01/2016",2102.95
"07/05/2016",2088.55
"07/06/2016",2099.73
"07/07/2016",2097.9
"07/08/2016",2129.9
"07/11/2016",2137.16
"07/12/2016",2152.14
"07/13/2016",2152.43
"07/14/2016",2163.75
"07/15/2016",2161.74
"07/18/2016",2166.89
"07/19/2016",2163.78
"07/20/2016",2173.02
"07/21/2016",2165.17
"07/22/2016",2175.03
"07/25/2016",2168.48
"07/26/2016",2169.18
"07/27/2016",2166.58
"07/28/2016",2170.06
"07/29/2016",2173.6
"08/01/2016",2170.84
"08/02/2016",2157.03
"08/03/2016",2163.79
"08/04/2016",2164.25
"08/05/2016",2182.87
"08/08/2016",2180.89
"08/09/2016",2181.74
"08/10/2016",2175.49
"08/11/2016",2185.79
"08/12/2016",2184.05
"08/15/2016",2190.15
"08/16/2016",2178.15
"08/17/2016",2182.22
"08/18/2016",2187.02
"08/19/2016",2183.87
"08/22/2016",2182.64
"08/23/2016",2186.9
"08/24/2016",2175.44
"08/25/2016",2172.47
"08/26/2016",2169.04
"08/29/2016",2180.38
"08/30/2016",2176.12
"08/31/2016",2170.95
"09/01/2016",2170.86
"09/02/2016",2179.98
"09/06/2016",2186.48
"09/07/2016",2186.16
"09/08/2016",2181.3
"09/09/2016",2127.81
"09/12/2016",2159.04
"09/13/2016",2127.02
"09/14/2016",2125.77
"09/15/2016",2147.26
"09/16/2016",2139.16
"09/19/2016",2139.12
"09/20/2016",2139.76
"09/21/2016",2163.12
"09/22/2016",2177.18
"09/23/2016",2164.69
"09/26/2016",2146.1
"09/27/2016",2159.93
"09/28/2016",2171.37
"09/29/2016",2151.13
"09/30/2016",2168.27
"10/03/2016",2161.2
"10/04/2016",2150.49
"10/05/2016",2159.73
"10/06/2016",2160.77
"10/07/2016",2153.74
"10/10/2016",2163.66
"10/11/2016",2136.73
"10/12/2016",2139.18
"10/13/2016",2132.55
"10/14/2016",2132.98
"10/17/2016",2126.5
"10/18/2016",2139.6
"10/19/2016",2144.29
"10/20/2016",2141.34
"10/21/2016",2141.16
"10/24/2016",2151.33
"10/25/2016",2143.16
"10/26/2016",2139.43
"10/27/2016",2133.04
"10/28/2016",2126.41
"10/31/2016",2126.15
"11/01/2016",2111.72
"11/02/2016",2097.94
"11/03/2016",2088.66
"11/04/2016",2085.18
"11/07/2016",2131.52
"11/08/2016",2139.56
"11/09/2016",2163.26
"11/10/2016",2167.48
"11/11/2016",2164.45
"11/14/2016",2164.2
"11/15/2016",2180.39
"11/16/2016",2176.94
"11/17/2016",2187.12
"11/18/2016",2181.9
"11/21/2016",2198.18
"11/22/2016",2202.94
"11/23/2016",2204.72
"11/25/2016",2213.35
"11/28/2016",2201.72
"11/29/2016",2204.66
"11/30/2016",2198.81
"12/01/2016",2191.08
"12/02/2016",2191.95
"12/05/2016",2204.71
"12/06/2016",2212.23
"12/07/2016",2241.35
"12/08/2016",2246.19
"12/09/2016",2259.53
"12/12/2016",2256.96
"12/13/2016",2271.72
"12/14/2016",2253.28
"12/15/2016",2262.03
"12/16/2016",2258.07
"12/19/2016",2262.53
"12/20/2016",2270.76
"12/21/2016",2265.18
"12/22/2016",2260.96
"12/23/2016",2263.79
"12/27/2016",2268.88
"12/28/2016",2249.92
"12/29/2016",2249.26
"12/30/2016",2238.83
"01/03/2017",2257.83
"01/04/2017",2270.75
"01/05/2017",2269
"01/06/2017",2276.98
"01/09/2017",2268.9
"01/10/2017",2268.9
"01/11/2017",2275.32
"01/12/2017",2270.44
"01/13/2017",2274.64
"01/17/2017",2267.89
"01/18/2017",2271.89
"01/19/2017",2263.69
"01/20/2017",2271.31
"01/23/2017",2265.2
"01/24/2017",2280.07
"01/25/2017",2298.37
"01/26/2017",2296.68
"01/27/2017",2294.69
"01/30/2017",2280.9
"01/31/2017",2278.87
"02/01/2017",2279.55
"02/02/2017",2280.85
"02/03/2017",2297.42
"02/06/2017",2292.56
"02/07/2017",2293.08
"02/08/2017",2294.67
"02/09/2017",2307.87
"02/10/2017",2316.1
"02/13/2017",2328.25
"02/14/2017",2337.58
"02/15/2017",2349.25
"02/16/2017",2347.22
"02/17/2017",2351.16
"02/21/2017",2365.38
"02/22/2017",2362.82
"02/23/2017",2363.81
"02/24/2017",2367.34
"02/27/2017",2369.75
"02/28/2017",2363.64
"03/01/2017",2395.96
"03/02/2017",2381.92
"03/03/2017",2383.12
"03/06/2017",2375.31
"03/07/2017",2368.39
"03/08/2017",2362.98
"03/09/2017",2364.87
"03/10/2017",2372.6
"03/13/2017",2373.47
"03/14/2017",2365.45
"03/15/2017",2385.26
"03/16/2017",2381.38
"03/17/2017",2378.25
"03/20/2017",2373.47
"03/21/2017",2344.02
"03/22/2017",2348.45
"03/23/2017",2345.96
"03/24/2017",2343.98
"03/27/2017",2341.59
"03/28/2017",2358.57
"03/29/2017",2361.13
"03/30/2017",2368.06
"03/31/2017",2362.72
"04/03/2017",2358.84
"04/04/2017",2360.16
"04/05/2017",2352.95
"04/06/2017",2357.49
"04/07/2017",2355.54
"04/10/2017",2357.16
"04/11/2017",2353.78
"04/12/2017",2344.93
"04/13/2017",2328.95
"04/17/2017",2349.01
"04/18/2017",2342.19
"04/19/2017",2338.17
"04/20/2017",2355.84
"04/21/2017",2348.69
"04/24/2017",2374.15
"04/25/2017",2388.61
"04/26/2017",2387.45
"04/27/2017",2388.77
"04/28/2017",2384.2
"05/01/2017",2388.33
"05/02/2017",2391.17
"05/03/2017",2388.13
"05/04/2017",2389.52
"05/05/2017",2399.29
"05/08/2017",2399.38
"05/09/2017",2396.92
"05/10/2017",2399.63
"05/11/2017",2394.44
"05/12/2017",2390.9
"05/15/2017",2402.32
"05/16/2017",2400.67
"05/17/2017",2357.03
"05/18/2017",2365.72
"05/19/2017",2381.73
"05/22/2017",2394.02
"05/23/2017",2398.42
"05/24/2017",2404.39
"05/25/2017",2415.07
"05/26/2017",2415.82
"05/30/2017",2412.91
"05/31/2017",2411.8
"06/01/2017",2430.06
"06/02/2017",2439.07
"06/05/2017",2436.1
"06/06/2017",2429.33
"06/07/2017",2433.14
"06/08/2017",2433.79
"06/09/2017",2431.77
"06/12/2017",2429.39
"06/13/2017",2440.35
"06/14/2017",2437.92
"06/15/2017",2432.46
"06/16/2017",2433.15
"06/19/2017",2453.46
"06/20/2017",2437.03
"06/21/2017",2435.61
"06/22/2017",2434.5
"06/23/2017",2438.3
"06/26/2017",2439.07
"06/27/2017",2419.38
"06/28/2017",2440.69
"06/29/2017",2419.7
"06/30/2017",2423.41
"07/03/2017",2429.01
"07/05/2017",2432.54
"07/06/2017",2409.75
"07/07/2017",2425.18
"07/10/2017",2427.43
"07/11/2017",2425.53
"07/12/2017",2443.25
"07/13/2017",2447.83
"07/14/2017",2459.27
"07/17/2017",2459.14
"07/18/2017",2460.61
"07/19/2017",2473.83
"07/20/2017",2473.45
"07/21/2017",2472.54
"07/24/2017",2469.91
"07/25/2017",2477.13
"07/26/2017",2477.83
"07/27/2017",2475.42
"07/28/2017",2472.1
"07/31/2017",2470.3
"08/01/2017",2476.35
"08/02/2017",2477.57
"08/03/2017",2472.16
"08/04/2017",2476.83
"08/07/2017",2480.91
"08/08/2017",2474.92
"08/09/2017",2474.02
"08/10/2017",2438.21
"08/11/2017",2441.32
"08/14/2017",2465.84
"08/15/2017",2464.61
"08/16/2017",2468.11
"08/17/2017",2430.01
"08/18/2017",2425.55
"08/21/2017",2428.37
"08/22/2017",2452.51
"08/23/2017",2444.04
"08/24/2017",2438.97
"08/25/2017",2443.05
"08/28/2017",2444.24
"08/29/2017",2446.3
"08/30/2017",2457.59
"08/31/2017",2471.65
"09/01/2017",2476.55
"09/05/2017",2457.85
"09/06/2017",2465.54
"09/07/2017",2465.1
"09/08/2017",2461.43
"09/11/2017",2488.11
"09/12/2017",2496.48
"09/13/2017",2498.37
"09/14/2017",2495.62
"09/15/2017",2500.23
"09/18/2017",2503.87
"09/19/2017",2506.65
"09/20/2017",2508.24
"09/21/2017",2500.6
"09/22/2017",2502.22
"09/25/2017",2496.66
"09/26/2017",2496.84
"09/27/2017",2507.04
"09/28/2017",2510.06
"09/29/2017",2519.36
"10/02/2017",2529.12
"10/03/2017",2534.58
"10/04/2017",2537.74
"10/05/2017",2552.07
"10/06/2017",2549.33
"10/09/2017",2544.73
"10/10/2017",2550.64
"10/11/2017",2555.24
"10/12/2017",2550.93
"10/13/2017",2553.17
"10/16/2017",2557.64
"10/17/2017",2559.36
"10/18/2017",2561.26
"10/19/2017",2562.1
"10/20/2017",2575.21
"10/23/2017",2564.98
"10/24/2017",2569.13
"10/25/2017",2557.15
"10/26/2017",2560.4
"10/27/2017",2581.07
"10/30/2017",2572.83
"10/31/2017",2575.26
"11/01/2017",2579.36
"11/02/2017",2579.85
"11/03/2017",2587.84
"11/06/2017",2591.13
"11/07/2017",2590.64
"11/08/2017",2594.38
"11/09/2017",2584.62
"11/10/2017",2582.3
"11/13/2017",2584.84
"11/14/2017",2578.87
"11/15/2017",2564.62
"11/16/2017",2585.64
"11/17/2017",2578.85
"11/20/2017",2582.14
"11/21/2017",2599.03
"11/22/2017",2597.08
"11/24/2017",2602.42
"11/27/2017",2601.42
"11/28/2017",2627.04
"11/29/2017",2626.07
"11/30/2017",2647.58
"12/01/2017",2642.22
"12/04/2017",2639.44
"12/05/2017",2629.57
"12/06/2017",2629.27
"12/07/2017",2636.98
"12/08/2017",2651.5
"12/11/2017",2659.99
"12/12/2017",2664.11
"12/13/2017",2662.85
"12/14/2017",2652.01
"12/15/2017",2675.81
"12/18/2017",2690.16
"12/19/2017",2681.47
"12/20/2017",2679.25
"12/21/2017",2684.57
"12/22/2017",2683.34
"12/26/2017",2680.5
"12/27/2017",2682.62
"12/28/2017",2687.54
"12/29/2017",2673.61
"01/02/2018",2695.81
"01/03/2018",2713.06
"01/04/2018",2723.99
"01/05/2018",2743.15
"01/08/2018",2747.71
"01/09/2018",2751.29
"01/10/2018",2748.23
"01/11/2018",2767.56
"01/12/2018",2786.24
"01/16/2018",2776.42
"01/17/2018",2802.56
"01/18/2018",2798.03
"01/19/2018",2810.3
"01/22/2018",2832.97
"01/23/2018",2839.13
"01/24/2018",2837.54
"01/25/2018",2839.25
"01/26/2018",2872.87
"01/29/2018",2853.53
"01/30/2018",2822.43
"01/31/2018",2823.81
"02/01/2018",2821.98
"02/02/2018",2762.13
"02/05/2018",2648.94
"02/06/2018",2695.14
"02/07/2018",2681.66
"02/08/2018",2581
"02/09/2018",2619.55
"02/12/2018",2656
"02/13/2018",2662.94
"02/14/2018",2698.63
"02/15/2018",2731.2
"02/16/2018",2732.22
"02/20/2018",2716.26
"02/21/2018",2701.33
"02/22/2018",2703.96
"02/23/2018",2747.3
"02/26/2018",2779.6
"02/27/2018",2744.28
"02/28/2018",2713.83
"03/01/2018",2677.67
"03/02/2018",2691.25
"03/05/2018",2720.94
"03/06/2018",2728.12
"03/07/2018",2726.8
"03/08/2018",2738.97
"03/09/2018",2786.57
"03/12/2018",2783.02
"03/13/2018",2765.31
"03/14/2018",2749.48
"03/15/2018",2747.33
"03/16/2018",2752.01
"03/19/2018",2712.92
"03/20/2018",2716.94
"03/21/2018",2711.93
"03/22/2018",2643.69
"03/23/2018",2588.26
"03/26/2018",2658.55
"03/27/2018",2612.62
"03/28/2018",2605
"03/29/2018",2640.87
"04/02/2018",2581.88
"04/03/2018",2614.45
"04/04/2018",2644.69
"04/05/2018",2662.84
"04/06/2018",2604.47
"04/09/2018",2613.16
"04/10/2018",2656.87
"04/11/2018",2642.19
"04/12/2018",2663.99
"04/13/2018",2656.3
"04/16/2018",2677.84
"04/17/2018",2706.39
"04/18/2018",2708.64
"04/19/2018",2693.13
"04/20/2018",2670.14
"04/23/2018",2670.29
"04/24/2018",2634.56
"04/25/2018",2639.4
"04/26/2018",2666.94
"04/27/2018",2669.91
"04/30/2018",2648.05
"05/01/2018",2654.8
"05/02/2018",2635.67
"05/03/2018",2629.73
"05/04/2018",2663.42
"05/07/2018",2672.63
"05/08/2018",2671.92
"05/09/2018",2697.79
"05/10/2018",2723.07
"05/11/2018",2727.72
"05/14/2018",2730.13
"05/15/2018",2711.45
"05/16/2018",2722.46
"05/17/2018",2720.13
"05/18/2018",2712.97
"05/21/2018",2733.01
"05/22/2018",2724.44
"05/23/2018",2733.29
"05/24/2018",2727.76
"05/25/2018",2721.33
"05/29/2018",2689.86
"05/30/2018",2724.01
"05/31/2018",2705.27
"06/01/2018",2734.62
"06/04/2018",2746.87
"06/05/2018",2748.8
"06/06/2018",2772.35
"06/07/2018",2770.37
"06/08/2018",2779.03
"06/11/2018",2782
"06/12/2018",2786.85
"06/13/2018",2775.63
"06/14/2018",2782.49
"06/15/2018",2779.66
"06/18/2018",2773.75
"06/19/2018",2762.59
"06/20/2018",2767.32
"06/21/2018",2749.76
"06/22/2018",2754.88
"06/25/2018",2717.07
"06/26/2018",2723.06
"06/27/2018",2699.63
"06/28/2018",2716.31
"06/29/2018",2718.37
"07/02/2018",2726.71
"07/03/2018",2713.22
"07/05/2018",2736.61
"07/06/2018",2759.82
"07/09/2018",2784.17
"07/10/2018",2793.84
"07/11/2018",2774.02
"07/12/2018",2798.29
"07/13/2018",2801.31
"07/16/2018",2798.43
"07/17/2018",2809.55
"07/18/2018",2815.62
"07/19/2018",2804.49
"07/20/2018",2801.83
"07/23/2018",2806.98
"07/24/2018",2820.4
"07/25/2018",2846.07
"07/26/2018",2837.44
"07/27/2018",2818.82
"07/30/2018",2802.6
"07/31/2018",2816.29
"08/01/2018",2813.36
"08/02/2018",2827.22
"08/03/2018",2840.35
"08/06/2018",2850.4
"08/07/2018",2858.45
"08/08/2018",2857.7
"08/09/2018",2853.58
"08/10/2018",2833.28
"08/13/2018",2821.93
"08/14/2018",2839.96
"08/15/2018",2818.37
"08/16/2018",2840.69
"08/17/2018",2850.13
"08/20/2018",2857.05
"08/21/2018",2862.96
"08/22/2018",2861.82
"08/23/2018",2856.98
"08/24/2018",2874.69
"08/27/2018",2896.74
"08/28/2018",2897.52
"08/29/2018",2914.04
"08/30/2018",2901.13
"08/31/2018",2901.52
"09/04/2018",2896.72
"09/05/2018",2888.6
"09/06/2018",2878.05
"09/07/2018",2871.68
"09/10/2018",2877.13
"09/11/2018",2887.89
"09/12/2018",2888.92
"09/13/2018",2904.18
"09/14/2018",2904.98
"09/17/2018",2888.8
"09/18/2018",2904.31
"09/19/2018",2907.95
"09/20/2018",2930.75
"09/21/2018",2929.67
"09/24/2018",2919.37
"09/25/2018",2915.56
"09/26/2018",2905.97
"09/27/2018",2914
"09/28/2018",2913.98
"10/01/2018",2924.59
"10/02/2018",2923.43
"10/03/2018",2925.51
"10/04/2018",2901.61
"10/05/2018",2885.57
"10/08/2018",2884.43
"10/09/2018",2880.34
"10/10/2018",2785.68
"10/11/2018",2728.37
"10/12/2018",2767.13
"10/15/2018",2750.79
"10/16/2018",2809.92
"10/17/2018",2809.21
"10/18/2018",2768.78
"10/19/2018",2767.78
"10/22/2018",2755.88
"10/23/2018",2740.69
"10/24/2018",2656.1
"10/25/2018",2705.57
"10/26/2018",2658.69
"10/29/2018",2641.25
"10/30/2018",2682.63
"10/31/2018",2711.74
"11/01/2018",2740.37
"11/02/2018",2723.06
"11/05/2018",2738.31
"11/06/2018",2755.45
"11/07/2018",2813.89
"11/08/2018",2806.83
"11/09/2018",2781.01
"11/12/2018",2726.22
"11/13/2018",2722.18
"11/14/2018",2701.58
"11/15/2018",2730.2
"11/16/2018",2736.27
"11/19/2018",2690.73
"11/20/2018",2641.89
"11/21/2018",2649.93
"11/23/2018",2632.56
"11/26/2018",2673.45
"11/27/2018",2682.17
"11/28/2018",2743.79
"11/29/2018",2737.76
"11/30/2018",2760.17
"12/03/2018",2790.37
"12/04/2018",2700.06
"12/06/2018",2695.95
"12/07/2018",2633.08
"12/10/2018",2637.72
"12/11/2018",2636.78
"12/12/2018",2651.07
"12/13/2018",2650.54
"12/14/2018",2599.95
"12/17/2018",2545.94
"12/18/2018",2546.16
"12/19/2018",2506.96
"12/20/2018",2467.42
"12/21/2018",2416.62
"12/24/2018",2351.1
"12/26/2018",2467.7
"12/27/2018",2488.83
"12/28/2018",2485.74
"12/31/2018",2506.85
"01/02/2019",2510.03
"01/03/2019",2447.89
"01/04/2019",2531.94
"01/07/2019",2549.69
"01/08/2019",2574.41
"01/09/2019",2584.96
"01/10/2019",2596.64
"01/11/2019",2596.26
"01/14/2019",2582.61
"01/15/2019",2610.3
"01/16/2019",2616.1
"01/17/2019",2635.96
"01/18/2019",2670.71
"01/22/2019",2632.9
"01/23/2019",2638.7
"01/24/2019",2642.33
"01/25/2019",2664.76
"01/28/2019",2643.85
"01/29/2019",2640
"01/30/2019",2681.05
"01/31/2019",2704.1
"02/01/2019",2706.53
"02/04/2019",2724.87
"02/05/2019",2737.7
"02/06/2019",2731.61
"02/07/2019",2706.05
"02/08/2019",2707.88
"02/11/2019",2709.8
"02/12/2019",2744.73
"02/13/2019",2753.03
"02/14/2019",2745.73
"02/15/2019",2775.6
"02/19/2019",2779.76
"02/20/2019",2784.7
"02/21/2019",2774.88
"02/22/2019",2792.67
"02/25/2019",2796.11
"02/26/2019",2793.9
"02/27/2019",2792.38
"02/28/2019",2784.49
"03/01/2019",2803.69
"03/04/2019",2792.81
"03/05/2019",2789.65
"03/06/2019",2771.45
"03/07/2019",2748.93
"03/08/2019",2743.07
"03/11/2019",2783.3
"03/12/2019",2791.52
"03/13/2019",2810.92
"03/14/2019",2808.48
"03/15/2019",2822.48
"03/18/2019",2832.94
"03/19/2019",2832.57
"03/20/2019",2824.23
"03/21/2019",2854.88
"03/22/2019",2800.71
"03/25/2019",2798.36
"03/26/2019",2818.46
"03/27/2019",2805.37
"03/28/2019",2815.44
"03/29/2019",2834.4
"04/01/2019",2867.19
"04/02/2019",2867.24
"04/03/2019",2873.4
"04/04/2019",2879.39
"04/05/2019",2892.74
"04/08/2019",2895.77
"04/09/2019",2878.2
"04/10/2019",2888.21
"04/11/2019",2888.32
"04/12/2019",2907.41
"04/15/2019",2905.58
"04/16/2019",2907.06
"04/17/2019",2900.45
"04/18/2019",2905.03
"04/22/2019",2907.97
"04/23/2019",2933.68
"04/24/2019",2927.25
"04/25/2019",2926.17
"04/26/2019",2939.88
"04/29/2019",2943.03
"04/30/2019",2945.83
"05/01/2019",2923.73
"05/02/2019",2917.52
"05/03/2019",2945.64
"05/06/2019",2932.47
"05/07/2019",2884.05
"05/08/2019",2879.42
"05/09/2019",2870.72
"05/10/2019",2881.4
"05/13/2019",2811.87
"05/14/2019",2834.41
"05/15/2019",2850.96
"05/16/2019",2876.32
"05/17/2019",2859.53
"05/20/2019",2840.23
"05/21/2019",2864.36
"05/22/2019",2856.27
"05/23/2019",2822.24
"05/24/2019",2826.06
"05/28/2019",2802.39
"05/29/2019",2783.02
"05/30/2019",2788.86
"05/31/2019",2752.06
"06/03/2019",2744.45
"06/04/2019",2803.27
"06/05/2019",2826.15
"06/06/2019",2843.49
"06/07/2019",2873.34
"06/10/2019",2886.73
"06/11/2019",2885.72
"06/12/2019",2879.84
"06/13/2019",2891.64
"06/14/2019",2886.98
"06/17/2019",2889.67
"06/18/2019",2917.75
"06/19/2019",2926.46
"06/20/2019",2954.18
"06/21/2019",2950.46
"06/24/2019",2945.35
"06/25/2019",2917.38
"06/26/2019",2913.78
"06/27/2019",2924.92
"06/28/2019",2941.76
"07/01/2019",2964.33
"07/02/2019",2973.01
"07/03/2019",2995.82
"07/05/2019",2990.41
"07/08/2019",2975.95
"07/09/2019",2979.63
"07/10/2019",2993.07
"07/11/2019",2999.91
"07/12/2019",3013.77
"07/15/2019",3014.3
"07/16/2019",3004.04
"07/17/2019",2984.42
"07/18/2019",2995.11
"07/19/2019",2976.61
"07/22/2019",2985.03
"07/23/2019",3005.47
"07/24/2019",3019.56
"07/25/2019",3003.67
"07/26/2019",3025.86
"07/29/2019",3020.97
"07/30/2019",3013.18
"07/31/2019",2980.38
"08/01/2019",2953.56
"08/02/2019",2932.05
"08/05/2019",2844.74
"08/06/2019",2881.77
"08/07/2019",2883.98
"08/08/2019",2938.09
"08/09/2019",2918.65
"08/12/2019",2883.75
"08/13/2019",2926.32
"08/14/2019",2840.6
"08/15/2019",2847.6
"08/16/2019",2888.68
"08/19/2019",2923.65
"08/20/2019",2900.51
"08/21/2019",2924.43
"08/22/2019",2922.95
"08/23/2019",2847.11
"08/26/2019",2878.38
"08/27/2019",2869.16
"08/28/2019",2887.94
"08/29/2019",2924.58
"08/30/2019",2926.46
"09/03/2019",2906.27
"09/04/2019",2937.78
"09/05/2019",2976
"09/06/2019",2978.71
"09/09/2019",2978.43
"09/10/2019",2979.39
"09/11/2019",3000.93
"09/12/2019",3009.57
"09/13/2019",3007.39
"09/16/2019",2997.96
"09/17/2019",3005.7
"09/18/2019",3006.73
"09/19/2019",3006.79
"09/20/2019",2992.07
"09/23/2019",2991.78
"09/24/2019",2966.6
"09/25/2019",2984.87
"09/26/2019",2977.62
"09/27/2019",2961.79
"09/30/2019",2976.74
"10/01/2019",2940.25
"10/02/2019",2887.61
"10/03/2019",2910.63
"10/04/2019",2952.01
"10/07/2019",2938.79
"10/08/2019",2893.06
"10/09/2019",2919.4
"10/10/2019",2938.13
"10/11/2019",2970.27
"10/14/2019",2966.15
"10/15/2019",2995.68
"10/16/2019",2989.69
"10/17/2019",2997.95
"10/18/2019",2986.2
"10/21/2019",3006.72
"10/22/2019",2995.99
"10/23/2019",3004.52
"10/24/2019",3010.29
"10/25/2019",3022.55
"10/28/2019",3039.42
"10/29/2019",3036.89
"10/30/2019",3046.77
"10/31/2019",3037.56
"11/01/2019",3066.91
"11/04/2019",3078.27
"11/05/2019",3074.62
"11/06/2019",3076.78
"11/07/2019",3085.18
"11/08/2019",3093.08
"11/11/2019",3087.01
"11/12/2019",3091.84
"11/13/2019",3094.04
"11/14/2019",3096.63
"11/15/2019",3120.46
"11/18/2019",3122.03
"11/19/2019",3120.18
"11/20/2019",3108.46
"11/21/2019",3103.54
"11/22/2019",3110.29
"11/25/2019",3133.64
"11/26/2019",3140.52
"11/27/2019",3153.63
"11/29/2019",3140.98
"12/02/2019",3113.87
"12/03/2019",3093.2
"12/04/2019",3112.76
"12/05/2019",3117.43
"12/06/2019",3145.91
"12/09/2019",3135.96
"12/10/2019",3132.52
"12/11/2019",3141.63
"12/12/2019",3168.57
"12/13/2019",3168.8
"12/16/2019",3191.45
"12/17/2019",3192.52
"12/18/2019",3191.14
"12/19/2019",3205.37
"12/20/2019",3221.22
"12/23/2019",3224.01
"12/24/2019",3223.38
"12/26/2019",3239.91
"12/27/2019",3240.02
"12/30/2019",3221.29
"12/31/2019",3230.78
"01/02/2020",3257.85
"01/03/2020",3234.85
"01/06/2020",3246.28
"01/07/2020",3237.18
"01/08/2020",3253.05
"01/09/2020",3274.7
"01/10/2020",3265.35
"01/13/2020",3288.13
"01/14/2020",3283.15
"01/15/2020",3289.29
"01/16/2020",3316.81
"01/17/2020",3329.62
"01/21/2020",3320.79
"01/22/2020",3321.75
"01/23/2020",3325.54
"01/24/2020",3295.47
"01/27/2020",3243.63
"01/28/2020",3276.24
"01/29/2020",3273.4
"01/30/2020",3283.66
"01/31/2020",3225.52
"02/03/2020",3248.92
"02/04/2020",3297.59
"02/05/2020",3334.69
"02/06/2020",3345.78
"02/07/2020",3327.71
"02/10/2020",3352.09
"02/11/2020",3357.75
"02/12/2020",3379.45
"02/13/2020",3373.94
"02/14/2020",3380.16
"02/18/2020",3370.29
"02/19/2020",3386.15
"02/20/2020",3373.23
"02/21/2020",3337.75
"02/24/2020",3225.89
"02/25/2020",3128.21
"02/26/2020",3116.39
"02/27/2020",2978.76
"02/28/2020",2954.22
"03/02/2020",3090.23
"03/03/2020",3003.37
"03/04/2020",3130.12
"03/05/2020",3023.94
"03/06/2020",2972.37
"03/09/2020",2746.56
"03/10/2020",2882.23
"03/11/2020",2741.38
"03/12/2020",2480.64
"03/13/2020",2711.02
"03/16/2020",2386.13
"03/17/2020",2529.19
"03/18/2020",2398.1
"03/19/2020",2409.39
"03/20/2020",2304.92
"03/23/2020",2237.4
"03/24/2020",2447.33
"03/25/2020",2475.56
"03/26/2020",2630.07
"03/27/2020",2541.47
"03/30/2020",2626.65
"03/31/2020",2584.59
"04/01/2020",2470.5
"04/02/2020",2526.9
"04/03/2020",2488.65
"04/06/2020",2663.68
"04/07/2020",2659.41
"04/08/2020",2749.98
"04/09/2020",2789.82
"04/13/2020",2761.63
"04/14/2020",2846.06
"04/15/2020",2783.36
"04/16/2020",2799.55
"04/17/2020",2874.56
"04/20/2020",2823.16
"04/21/2020",2736.56
"04/22/2020",2799.31
"04/23/2020",2797.8
"04/24/2020",2836.74
"04/27/2020",2878.48
"04/28/2020",2863.39
"04/29/2020",2939.51
"04/30/2020",2912.43
"05/01/2020",2830.71
"05/04/2020",2842.74
"05/05/2020",2868.44
"05/06/2020",2848.42
"05/07/2020",2881.19
"05/08/2020",2929.8
"05/11/2020",2930.32
"05/12/2020",2870.12
"05/13/2020",2820
"05/14/2020",2852.5
"05/15/2020",2863.7
"05/18/2020",2953.91
"05/19/2020",2922.94
"05/20/2020",2971.61
"05/21/2020",2948.51
"05/22/2020",2955.45
"05/26/2020",2991.77
"05/27/2020",3036.13
"05/28/2020",3029.73
"05/29/2020",3044.31
"06/01/2020",3055.73
"06/02/2020",3080.82
"06/03/2020",3122.87
"06/04/2020",3112.35
"06/05/2020",3193.93
"06/08/2020",3232.39
"06/09/2020",3207.18
"06/10/2020",3190.14
"06/11/2020",3002.1
"06/12/2020",3041.31
"06/15/2020",3066.59
"06/16/2020",3124.74
"06/17/2020",3113.49
"06/18/2020",3115.34
"06/19/2020",3097.74
"06/22/2020",3117.86
"06/23/2020",3131.29
"06/24/2020",3050.33
"06/25/2020",3083.76
"06/26/2020",3009.05
"06/29/2020",3053.24
"06/30/2020",3100.29
"07/01/2020",3115.86
"07/02/2020",3130.01
"07/06/2020",3179.72
"07/07/2020",3145.32
"07/08/2020",3169.94
"07/09/2020",3152.05
"07/10/2020",3185.04
"07/13/2020",3155.22
"07/14/2020",3197.52
"07/15/2020",3226.56
"07/16/2020",3215.57
"07/17/2020",3224.73
"07/20/2020",3251.84
"07/21/2020",3257.3
"07/22/2020",3276.02
"07/23/2020",3235.66
"07/24/2020",3215.63
"07/27/2020",3239.41
"07/28/2020",3218.44
"07/29/2020",3258.44
"07/30/2020",3246.22
"07/31/2020",3271.12
"08/03/2020",3294.61
"08/04/2020",3306.51
"08/05/2020",3327.77
"08/06/2020",3349.16
"08/07/2020",3351.28
"08/10/2020",3360.47
"08/11/2020",3333.69
"08/12/2020",3380.35
"08/13/2020",3373.43
"08/14/2020",3372.85
"08/17/2020",3381.99
"08/18/2020",3389.78
"08/19/2020",3374.85
"08/20/2020",3385.51
"08/21/2020",3397.16
"08/24/2020",3431.28
"08/25/2020",3443.62
"08/26/2020",3478.73
"08/27/2020",3484.55
"08/28/2020",3508.01
"08/31/2020",3500.31
"09/01/2020",3526.65
"09/02/2020",3580.84
"09/03/2020",3455.06
"09/04/2020",3426.96
"09/08/2020",3331.84
"09/09/2020",3398.96
"09/10/2020",3339.19
"09/11/2020",3340.97
"09/14/2020",3383.54
"09/15/2020",3401.2
"09/16/2020",3385.49
"09/17/2020",3357.01
"09/18/2020",3319.47
"09/21/2020",3281.06
"09/22/2020",3315.57
"09/23/2020",3236.92
"09/24/2020",3246.59
"09/25/2020",3298.46
"09/28/2020",3351.6
"09/29/2020",3335.47
"09/30/2020",3363
"10/01/2020",3380.8
"10/02/2020",3348.44
"10/05/2020",3408.63
"10/06/2020",3360.95
"10/07/2020",3419.45
"10/08/2020",3446.83
"10/09/2020",3477.13
"10/12/2020",3534.22
"10/13/2020",3511.93
"10/14/2020",3488.67
"10/15/2020",3483.34
"10/16/2020",3483.81
"10/19/2020",3426.92
"10/20/2020",3443.12
"10/21/2020",3435.56
"10/22/2020",3453.49
"10/23/2020",3465.39
"10/26/2020",3400.97
"10/27/2020",3390.68
"10/28/2020",3271.03
"10/29/2020",3310.11
"10/30/2020",3269.96
"11/02/2020",3310.24
"11/03/2020",3369.16
"11/04/2020",3443.44
"11/05/2020",3510.45
"11/06/2020",3509.44
"11/09/2020",3550.5
"11/10/2020",3545.53
"11/11/2020",3572.66
"11/12/2020",3537.01
"11/13/2020",3585.15
"11/16/2020",3626.91
"11/17/2020",3609.53
"11/18/2020",3567.79
"11/19/2020",3581.87
"11/20/2020",3557.54
"11/23/2020",3577.59
"11/24/2020",3635.41
"11/25/2020",3629.65
"11/27/2020",3638.35
"11/30/2020",3621.63
"12/01/2020",3662.45
"12/02/2020",3669.01
"12/03/2020",3666.72
"12/04/2020",3699.12
"12/07/2020",3691.96
"12/08/2020",3702.25
"12/09/2020",3672.82
"12/10/2020",3668.1
"12/11/2020",3663.46
"12/14/2020",3647.49
"12/15/2020",3694.62
"12/16/2020",3701.17
"12/17/2020",3722.48
"12/18/2020",3709.41
"12/21/2020",3694.92
"12/22/2020",3687.26
"12/23/2020",3690.01
"12/24/2020",3703.06
"12/28/2020",3735.36
"12/29/2020",3727.04
"12/30/2020",3732.04
"12/31/2020",3756.07
"01/04/2021",3700.65
"01/05/2021",3726.86
"01/06/2021",3748.14
"01/07/2021",3803.79
"01/08/2021",3824.68
"01/11/2021",3799.61
"01/12/2021",3801.19
"01/13/2021",3809.84
"01/14/2021",3795.54
"01/15/2021",3768.25
"01/19/2021",3798.91
"01/20/2021",3851.85
"01/21/2021",3853.07
"01/22/2021",3841.47
"01/25/2021",3855.36
"01/26/2021",3849.62
"01/27/2021",3750.77
"01/28/2021",3787.38
"01/29/2021",3714.24
"02/01/2021",3773.86
"02/02/2021",3826.31
"02/03/2021",3830.17
"02/04/2021",3871.74
"02/05/2021",3886.83
"02/08/2021",3915.59
"02/09/2021",3911.23
"02/10/2021",3909.88
"02/11/2021",3916.38
"02/12/2021",3934.83
"02/16/2021",3932.59
"02/17/2021",3931.33
"02/18/2021",3913.97
"02/19/2021",3906.71
"02/22/2021",3876.5
"02/23/2021",3881.37
"02/24/2021",3925.43
"02/25/2021",3829.34
"02/26/2021",3811.15
"03/01/2021",3901.82
"03/02/2021",3870.29
"03/03/2021",3819.72
"03/04/2021",3768.47
"03/05/2021",3841.94
"03/08/2021",3821.35
"03/09/2021",3875.44
"03/10/2021",3898.81
"03/11/2021",3939.34
"03/12/2021",3943.34
"03/15/2021",3968.94
"03/16/2021",3962.71
"03/17/2021",3974.12
"03/18/2021",3915.46
"03/19/2021",3913.1
"03/22/2021",3940.59
"03/23/2021",3910.52
"03/24/2021",3889.14
"03/25/2021",3909.52
"03/26/2021",3974.54
"03/29/2021",3971.09
"03/30/2021",3958.55
"03/31/2021",3972.89
"04/01/2021",4019.87
"04/05/2021",4077.91
"04/06/2021",4073.94
"04/07/2021",4079.95
"04/08/2021",4097.17
"04/09/2021",4128.8
"04/12/2021",4127.99
"04/13/2021",4141.59
"04/14/2021",4124.66
"04/15/2021",4170.42
"04/16/2021",4185.47
"04/19/2021",4163.26
"04/20/2021",4134.94
"04/21/2021",4173.42
"04/22/2021",4134.98
"04/23/2021",4180.17
"04/26/2021",4187.62
"04/27/2021",4186.72
"04/28/2021",4183.18
"04/29/2021",4211.47
"04/30/2021",4181.17
"05/03/2021",4192.66
"05/04/2021",4164.66
"05/05/2021",4167.59
"05/06/2021",4201.62
"05/07/2021",4232.6
"05/10/2021",4188.43
"05/11/2021",4152.1
"05/12/2021",4063.04
"05/13/2021",4112.5
"05/14/2021",4173.85
"05/17/2021",4163.29
"05/18/2021",4127.83
"05/19/2021",4115.68
"05/20/2021",4159.12
"05/21/2021",4155.86
"05/24/2021",4197.05
"05/25/2021",4188.13
"05/26/2021",4195.99
"05/27/2021",4200.88
"05/28/2021",4204.11
"06/01/2021",4202.04
"06/02/2021",4208.12
"06/03/2021",4192.85
"06/04/2021",4229.89
"06/07/2021",4226.52
"06/08/2021",4227.26
"06/09/2021",4219.55
"06/10/2021",4239.18
"06/11/2021",4247.44
"06/14/2021",4255.15
"06/15/2021",4246.59
"06/16/2021",4223.7
"06/17/2021",4221.86
"06/18/2021",4166.45
"06/21/2021",4224.79
"06/22/2021",4246.44
"06/23/2021",4241.84
"06/24/2021",4266.49
"06/25/2021",4280.7
"06/28/2021",4290.61
"06/29/2021",4291.8
"06/30/2021",4297.5
"07/01/2021",4319.94
"07/02/2021",4352.34
"07/06/2021",4343.54
"07/07/2021",4358.13
"07/08/2021",4320.82
"07/09/2021",4369.55
"07/12/2021",4384.63
"07/13/2021",4369.21
"07/14/2021",4374.3
"07/15/2021",4360.03
"07/16/2021",4327.16
"07/19/2021",4258.49
"07/20/2021",4323.06
"07/21/2021",4358.69
"07/22/2021",4367.48
"07/23/2021",4411.79
"07/26/2021",4422.3
"07/27/2021",4401.46
"07/28/2021",4400.64
"07/29/2021",4419.15
"07/30/2021",4395.26
"08/02/2021",4387.16
"08/03/2021",4423.15
"08/04/2021",4402.66
"08/05/2021",4429.1
"08/06/2021",4436.52
"08/09/2021",4432.35
"08/10/2021",4436.75
"08/11/2021",4447.7
"08/12/2021",4460.83
"08/13/2021",4468
"08/16/2021",4479.71
"08/17/2021",4448.08
"08/18/2021",4400.27
"08/19/2021",4405.8
"08/20/2021",4441.67
"08/23/2021",4479.53
"08/24/2021",4486.23
"08/25/2021",4496.19
"08/26/2021",4470
"08/27/2021",4509.37
"08/30/2021",4528.79
"08/31/2021",4522.68
"09/01/2021",4524.09
"09/02/2021",4536.95
"09/03/2021",4535.43
"09/07/2021",4520.03
"09/08/2021",4514.07
"09/09/2021",4493.28
"09/10/2021",4458.58
"09/13/2021",4468.73
"09/14/2021",4443.05
"09/15/2021",4480.7
"09/16/2021",4473.75
"09/17/2021",4432.99
"09/20/2021",4357.73
"09/21/2021",4354.19
"09/22/2021",4395.64
"09/23/2021",4448.98
"09/24/2021",4455.48
"09/27/2021",4443.11
"09/28/2021",4352.63
"09/29/2021",4359.46
"09/30/2021",4307.54
"10/01/2021",4357.04
"10/04/2021",4300.46
"10/05/2021",4345.72
"10/06/2021",4363.55
"10/07/2021",4399.76
"10/08/2021",4391.34
"10/11/2021",4361.19
"10/12/2021",4350.65
"10/13/2021",4363.8
"10/14/2021",4438.26
"10/15/2021",4471.37
"10/18/2021",4486.46
"10/19/2021",4519.63
"10/20/2021",4536.19
"10/21/2021",4549.78
"10/22/2021",4544.9
"10/25/2021",4566.48
"10/26/2021",4574.79
"10/27/2021",4551.68
"10/28/2021",4596.42
"10/29/2021",4605.38
"11/01/2021",4613.67
"11/02/2021",4630.65
"11/03/2021",4660.57
"11/04/2021",4680.06
"11/05/2021",4697.53
"11/08/2021",4701.7
"11/09/2021",4685.25
"11/10/2021",4646.71
"11/11/2021",4649.27
"11/12/2021",4682.85
"11/15/2021",4682.8
"11/16/2021",4700.9
"11/17/2021",4688.67
"11/18/2021",4704.54
"11/19/2021",4697.96
"11/22/2021",4682.94
"11/23/2021",4690.7
"11/24/2021",4701.46
"11/26/2021",4594.62
"11/29/2021",4655.27
"11/30/2021",4567
"12/01/2021",4513.04
"12/02/2021",4577.1
"12/03/2021",4538.43
"12/06/2021",4591.67
"12/07/2021",4686.75
"12/08/2021",4701.21
"12/09/2021",4667.45
"12/10/2021",4712.02
"12/13/2021",4668.97
"12/14/2021",4634.09
"12/15/2021",4709.85
"12/16/2021",4668.67
"12/17/2021",4620.64
"12/20/2021",4568.02
"12/21/2021",4649.23
"12/22/2021",4696.56
"12/23/2021",4725.79
"12/27/2021",4791.19
"12/28/2021",4786.35
"12/29/2021",4793.06
"12/30/2021",4778.73
"12/31/2021",4766.18
"01/03/2022",4796.56
"01/04/2022",4793.54
"01/05/2022",4700.58
"01/06/2022",4696.05
"01/07/2022",4677.03
"01/10/2022",4670.29
"01/11/2022",4713.07
"01/12/2022",4726.35
"01/13/2022",4659.03
"01/14/2022",4662.85
"01/18/2022",4577.11
"01/19/2022",4532.76
"01/20/2022",4482.73
"01/21/2022",4397.94
"01/24/2022",4410.13
"01/25/2022",4356.45
"01/26/2022",4349.93
"01/27/2022",4326.51
"01/28/2022",4431.85
"01/31/2022",4515.55
"02/01/2022",4546.54
"02/02/2022",4589.38
"02/03/2022",4477.44
"02/04/2022",4500.53
"02/07/2022",4483.87
"02/08/2022",4521.54
"02/09/2022",4587.18
"02/10/2022",4504.08
"02/11/2022",4418.64
"02/14/2022",4401.67
"02/15/2022",4471.07
"02/16/2022",4475.01
"02/17/2022",4380.26
"02/18/2022",4348.87
"02/22/2022",4304.76
"02/23/2022",4225.5
"02/24/2022",4288.7
"02/25/2022",4384.65
"02/28/2022",4373.94
"03/01/2022",4306.26
"03/02/2022",4386.54
"03/03/2022",4363.49
"03/04/2022",4328.87
"03/07/2022",4201.09
"03/08/2022",4170.7
"03/09/2022",4277.88
"03/10/2022",4259.52
"03/11/2022",4204.31
"03/14/2022",4173.11
"03/15/2022",4262.45
"03/16/2022",4357.86
"03/17/2022",4411.67
"03/18/2022",4463.12
"03/21/2022",4461.18
"03/22/2022",4511.61
"03/23/2022",4456.24
"03/24/2022",4520.16
"03/25/2022",4543.06
"03/28/2022",4575.52
"03/29/2022",4631.6
"03/30/2022",4602.45
"03/31/2022",4530.41
"04/01/2022",4545.86
"04/04/2022",4582.64
"04/05/2022",4525.12
"04/06/2022",4481.15
"04/07/2022",4500.21
"04/08/2022",4488.28
"04/11/2022",4412.53
"04/12/2022",4397.45
"04/13/2022",4446.59
"04/14/2022",4392.59
"04/18/2022",4391.69
"04/19/2022",4462.21
"04/20/2022",4459.45
"04/21/2022",4393.66
"04/22/2022",4271.78
"04/25/2022",4296.12
"04/26/2022",4175.2
"04/27/2022",4183.96
"04/28/2022",4287.5
"04/29/2022",4131.93
"05/02/2022",4155.38
"05/03/2022",4175.48
"05/04/2022",4300.17
"05/05/2022",4146.87
"05/06/2022",4123.34
"05/09/2022",3991.24
"05/10/2022",4001.05
"05/11/2022",3935.18
"05/12/2022",3930.08
"05/13/2022",4023.89
"05/16/2022",4008.01
"05/17/2022",4088.85
"05/18/2022",3923.68
"05/19/2022",3900.79
"05/20/2022",3901.36
"05/23/2022",3973.75
"05/24/2022",3941.48
"05/25/2022",3978.73
"05/26/2022",4057.84
"05/27/2022",4158.24
"05/31/2022",4132.15
"06/01/2022",4101.23
"06/02/2022",4176.82
"06/03/2022",4108.54
"06/06/2022",4121.43
"06/07/2022",4160.68
"06/08/2022",4115.77
"06/09/2022",4017.82
"06/10/2022",3900.86
"06/13/2022",3749.63
"06/14/2022",3735.48
"06/15/2022",3789.99
"06/16/2022",3666.77
"06/17/2022",3674.84
"06/21/2022",3764.79
"06/22/2022",3759.89
"06/23/2022",3795.73
"06/24/2022",3911.74
"06/27/2022",3900.11
"06/28/2022",3821.55
"06/29/2022",3818.83
"06/30/2022",3785.38
"07/01/2022",3825.33
"07/05/2022",3831.39
"07/06/2022",3845.08
"07/07/2022",3902.62
"07/08/2022",3899.38
"07/11/2022",3854.43
"07/12/2022",3818.8
"07/13/2022",3801.78
"07/14/2022",3790.38
"07/15/2022",3863.16
"07/18/2022",3830.85
"07/19/2022",3936.69
"07/20/2022",3959.9
"07/21/2022",3998.95
"07/22/2022",3961.63
"07/25/2022",3966.84
"07/26/2022",3921.05
"07/27/2022",4023.61
"07/28/2022",4072.43
"07/29/2022",4130.29
"08/01/2022",4118.63
"08/02/2022",4091.19
"08/03/2022",4155.17
"08/04/2022",4151.94
"08/05/2022",4145.19
"08/08/2022",4140.06
"08/09/2022",4122.47
"08/10/2022",4210.24
"08/11/2022",4207.27
"08/12/2022",4280.15
"08/15/2022",4297.14
"08/16/2022",4305.2
"08/17/2022",4274.04
"08/18/2022",4283.74
"08/19/2022",4228.48
"08/22/2022",4137.99
"08/23/2022",4128.73
"08/24/2022",4140.77
"08/25/2022",4199.12
"08/26/2022",4057.66
"08/29/2022",4030.61
"08/30/2022",3986.16
"08/31/2022",3955
"09/01/2022",3966.85
"09/02/2022",3924.26
"09/06/2022",3908.19
"09/07/2022",3979.87
"09/08/2022",4006.18
"09/09/2022",4067.36
"09/12/2022",4110.41
"09/13/2022",3932.69
"09/14/2022",3946.01
"09/15/2022",3901.35
"09/16/2022",3873.33
"09/19/2022",3899.89
"09/20/2022",3855.93
"09/21/2022",3789.93
"09/22/2022",3757.99
"09/23/2022",3693.23
"09/26/2022",3655.04
"09/27/2022",3647.29
"09/28/2022",3719.04
"09/29/2022",3640.47
"09/30/2022",3585.62
"10/03/2022",3678.43
"10/04/2022",3790.93
"10/05/2022",3783.28
"10/06/2022",3744.52
"10/07/2022",3639.66
"10/10/2022",3612.39
"10/11/2022",3588.84
"10/12/2022",3577.03
"10/13/2022",3669.91
"10/14/2022",3583.07
"10/17/2022",3677.95
"10/18/2022",3719.98
"10/19/2022",3695.16
"10/20/2022",3665.78
"10/21/2022",3752.75
"10/24/2022",3797.34
"10/25/2022",3859.11
"10/26/2022",3830.6
"10/27/2022",3807.3
"10/28/2022",3901.06
"10/31/2022",3871.98
"11/01/2022",3856.1
"11/02/2022",3759.69
"11/03/2022",3719.89
"11/04/2022",3770.55
"11/07/2022",3806.8
"11/08/2022",3828.11
"11/09/2022",3748.57
"11/10/2022",3956.37
"11/11/2022",3992.93
"11/14/2022",3957.25
"11/15/2022",3991.73
"11/16/2022",3958.79
"11/17/2022",3946.56
"11/18/2022",3965.34
"11/21/2022",3949.94
"11/22/2022",4003.58
"11/23/2022",4027.26
"11/25/2022",4026.12
"11/28/2022",3963.94
"11/29/2022",3957.63
"11/30/2022",4080.11
"12/01/2022",4076.57
"12/02/2022",4071.7
"12/05/2022",3998.84
"12/06/2022",3941.26
"12/07/2022",3933.92
"12/08/2022",3963.51
"12/09/2022",3934.38
"12/12/2022",3990.56
"12/13/2022",4019.65
"12/14/2022",3995.32
"12/15/2022",3895.75
"12/16/2022",3852.36
"12/19/2022",3817.66
"12/20/2022",3821.62
"12/21/2022",3878.44
"12/22/2022",3822.39
"12/23/2022",3844.82
"12/27/2022",3829.25
"12/28/2022",3783.22
"12/29/2022",3849.28
"12/30/2022",3839.5
"12/31/2022",3839.5
"01/03/2023",3824.14
"01/04/2023",3852.97
"01/05/2023",3808.1
"01/06/2023",3895.08
"01/09/2023",3892.09
"01/10/2023",3919.25
"01/11/2023",3969.61
"01/12/2023",3983.17
"01/13/2023",3999.09
"01/17/2023",3990.97
"01/18/2023",3928.86
"01/19/2023",3898.85
"01/20/2023",3972.61
"01/23/2023",4019.81
"01/24/2023",4016.95
"01/25/2023",4016.22
"01/26/2023",4060.43
"01/27/2023",4070.56
"01/30/2023",4017.77
"01/31/2023",4076.6
"02/01/2023",4119.21
"02/02/2023",4179.76
"02/03/2023",4136.48
"02/06/2023",4111.08
"02/07/2023",4164
"02/08/2023",4117.86
"02/09/2023",4081.5
"02/10/2023",4090.46
"02/13/2023",4137.29
"02/14/2023",4136.13
"02/15/2023",4147.6
"02/16/2023",4090.41
"02/17/2023",4079.09
"02/21/2023",3997.34
"02/22/2023",3991.05
"02/23/2023",4012.32
"02/24/2023",3970.04
"02/27/2023",3982.24
"02/28/2023",3970.15
"03/01/2023",3951.39
"03/02/2023",3981.35
"03/03/2023",4045.64
"03/06/2023",4048.42
"03/07/2023",3986.37
"03/08/2023",3992.01
"03/09/2023",3918.32
"03/10/2023",3861.59
"03/13/2023",3855.76
"03/14/2023",3919.29
"03/15/2023",3891.93
"03/16/2023",3960.28
"03/17/2023",3916.64
"03/20/2023",3951.57
"03/21/2023",4002.87
"03/22/2023",3936.97
"03/23/2023",3948.72
"03/24/2023",3970.99
"03/27/2023",3977.53
"03/28/2023",3971.27
"03/29/2023",4027.81
"03/30/2023",4050.83
"03/31/2023",4109.31
"04/03/2023",4124.51
"04/04/2023",4100.6
"04/05/2023",4090.38
"04/06/2023",4105.02
"04/10/2023",4109.11
"04/11/2023",4108.94
"04/12/2023",4091.95
"04/13/2023",4146.22
"04/14/2023",4137.64
"04/17/2023",4151.32
"04/18/2023",4154.87
"04/19/2023",4154.52
"04/20/2023",4129.79
"04/21/2023",4133.52
"04/24/2023",4137.04
"04/25/2023",4071.63
"04/26/2023",4055.99
"04/27/2023",4135.35
"04/28/2023",4169.48
"05/01/2023",4167.87
"05/02/2023",4119.58
"05/03/2023",4090.75
"05/04/2023",4061.22
"05/05/2023",4136.25
"05/08/2023",4138.12
"05/09/2023",4119.17
"05/10/2023",4137.64
"05/11/2023",4130.62
"05/12/2023",4124.08
"05/15/2023",4136.28
"05/16/2023",4109.9
"05/17/2023",4158.77
"05/18/2023",4198.05
"05/19/2023",4191.98
"05/22/2023",4192.63
"05/23/2023",4145.58
"05/24/2023",4115.24
"05/25/2023",4151.28
"05/26/2023",4205.45
"05/30/2023",4205.52
"05/31/2023",4179.83
"06/01/2023",4221.02
"06/02/2023",4282.37
"06/05/2023",4273.79
"06/06/2023",4283.85
"06/07/2023",4267.52
"06/08/2023",4293.93
"06/09/2023",4298.86
"06/12/2023",4338.93
"06/13/2023",4369.01
"06/14/2023",4372.59
"06/15/2023",4425.84
"06/16/2023",4409.59
"06/20/2023",4388.71
"06/21/2023",4365.69
"06/22/2023",4381.89
"06/23/2023",4348.33
"06/26/2023",4328.82
"06/27/2023",4378.41
"06/28/2023",4376.86
"06/29/2023",4396.44
"06/30/2023",4450.38
"07/03/2023",4455.59
"07/05/2023",4446.82
"07/06/2023",4411.59
"07/07/2023",4398.95
"07/10/2023",4409.53
"07/11/2023",4439.26
"07/12/2023",4472.16
"07/13/2023",4510.04
"07/14/2023",4505.42
"07/17/2023",4522.79
"07/18/2023",4554.98
"07/19/2023",4565.72
"07/20/2023",4534.87
"07/21/2023",4536.34
"07/24/2023",4554.64
"07/25/2023",4567.46
"07/26/2023",4566.75
"07/27/2023",4537.41
"07/28/2023",4582.23
"07/31/2023",4588.96
"08/01/2023",4576.73
"08/02/2023",4513.39
"08/03/2023",4501.89
"08/04/2023",4478.03
"08/07/2023",4518.44
"08/08/2023",4499.38
"08/09/2023",4467.71
"08/10/2023",4468.83
"08/11/2023",4464.05
"08/14/2023",4489.72
"08/15/2023",4437.86
"08/16/2023",4404.33
"08/17/2023",4370.36
"08/18/2023",4369.71
"08/21/2023",4399.77
"08/22/2023",4387.55
"08/23/2023",4436.01
"08/24/2023",4376.31
"08/25/2023",4405.71
"08/28/2023",4433.31
"08/29/2023",4497.63
"08/30/2023",4514.87
"08/31/2023",4507.66
"09/01/2023",4515.77
"09/05/2023",4496.83
"09/06/2023",4465.48
"09/07/2023",4451.14
"09/08/2023",4457.49
"09/11/2023",4487.46
"09/12/2023",4461.9
"09/13/2023",4467.44
"09/14/2023",4505.1
"09/15/2023",4450.32
"09/18/2023",4453.53
"09/19/2023",4443.95
"09/20/2023",4402.2
"09/21/2023",4330
"09/22/2023",4320.06
"09/25/2023",4337.44
"09/26/2023",4273.53
"09/27/2023",4274.51
"09/28/2023",4299.7
"09/29/2023",4288.05
"10/02/2023",4288.39
"10/03/2023",4229.45
"10/04/2023",4263.75
"10/05/2023",4258.19
"10/06/2023",4308.5
"10/09/2023",4335.66
"10/10/2023",4358.24
"10/11/2023",4376.95
"10/12/2023",4349.61
"10/13/2023",4327.78
"10/16/2023",4373.63
"10/17/2023",4373.2
"10/18/2023",4314.6
"10/19/2023",4278
"10/20/2023",4224.16
"10/23/2023",4217.04
"10/24/2023",4247.68
"10/25/2023",4186.77
"10/26/2023",4137.23
"10/27/2023",4117.37
"10/30/2023",4166.82
"10/31/2023",4193.8
"11/01/2023",4237.86
"11/02/2023",4317.78
"11/03/2023",4358.34
"11/06/2023",4365.98
"11/07/2023",4378.38
"11/08/2023",4382.78
"11/09/2023",4347.35
"11/10/2023",4415.24
"11/13/2023",4411.55
"11/14/2023",4495.7
"11/15/2023",4502.88
"11/16/2023",4508.24
"11/17/2023",4514.02
"11/20/2023",4547.38
"11/21/2023",4538.19
"11/22/2023",4556.62
"11/24/2023",4559.34
"11/27/2023",4550.43
"11/28/2023",4554.89
"11/29/2023",4550.58
"11/30/2023",4567.8
"12/01/2023",4594.63
"12/04/2023",4569.78
"12/05/2023",4567.18
"12/06/2023",4549.34
"12/07/2023",4585.59
"12/08/2023",4604.37
"12/11/2023",4622.44
"12/12/2023",4643.7
"12/13/2023",4707.09
"12/14/2023",4719.55
"12/15/2023",4719.19
"12/18/2023",4740.56
"12/19/2023",4768.37
"12/20/2023",4698.35
"12/21/2023",4746.75
"12/22/2023",4754.63
"12/26/2023",4774.75
"12/27/2023",4781.58
"12/28/2023",4783.35
"12/29/2023",4769.83
"01/02/2024",4742.83
"01/03/2024",4704.81
"01/04/2024",4688.68
"01/05/2024",4697.24
"01/08/2024",4763.54
"01/09/2024",4756.5
"01/10/2024",4783.45
"01/11/2024",4780.24
"01/12/2024",4783.83
"01/16/2024",4765.98
"01/17/2024",4739.21
"01/18/2024",4780.94
"01/19/2024",4839.81
"01/22/2024",4850.43
"01/23/2024",4864.6
"01/24/2024",4868.55
"01/25/2024",4894.16
"01/26/2024",4890.97
"01/29/2024",4927.93
"01/30/2024",4924.97
"01/31/2024",4845.65
"02/01/2024",4906.19
"02/02/2024",4958.61
"02/05/2024",4942.81
"02/06/2024",4954.23
"02/07/2024",4995.06
"02/08/2024",4997.91
"02/09/2024",5026.61
"02/12/2024",5021.84
"02/13/2024",4953.17
"02/14/2024",5000.62
"02/15/2024",5029.73
"02/16/2024",5005.57
"02/20/2024",4975.51
"02/21/2024",4981.8
"02/22/2024",5087.03
"02/23/2024",5088.8
"02/26/2024",5069.53
"02/27/2024",5078.18
"02/28/2024",5069.76
"02/29/2024",5096.27
"03/01/2024",5137.08
"03/04/2024",5130.95
"03/05/2024",5078.65
"03/06/2024",5104.76
"03/07/2024",5157.36
"03/08/2024",5123.69
"03/11/2024",5117.94
"03/12/2024",5175.27
"03/13/2024",5165.31
"03/14/2024",5150.48
"03/15/2024",5117.09
"03/18/2024",5149.42
"03/19/2024",5178.51
"03/20/2024",5224.62
"03/21/2024",5241.53
"03/22/2024",5234.18
"03/25/2024",5218.19
"03/26/2024",5203.58
"03/27/2024",5248.49
"03/28/2024",5254.35
"04/01/2024",5243.77
"04/02/2024",5205.81
"04/03/2024",5211.49
"04/04/2024",5147.21
"04/05/2024",5204.34
"04/08/2024",5202.39
"04/09/2024",5209.91
"04/10/2024",5160.64
"04/11/2024",5199.06
"04/12/2024",5123.41
"04/15/2024",5061.82
"04/16/2024",5051.41
"04/17/2024",5022.21
"04/18/2024",5011.12
"04/19/2024",4967.23
"04/22/2024",5010.6
"04/23/2024",5070.55
"04/24/2024",5071.63
"04/25/2024",5048.42
"04/26/2024",5099.96
"04/29/2024",5116.17
"04/30/2024",5035.69
"05/01/2024",5018.39
"05/02/2024",5064.2
"05/03/2024",5127.79
"05/06/2024",5180.74
"05/07/2024",5187.7
"05/08/2024",5187.67
"05/09/2024",5214.08
"05/10/2024",5222.68
"05/13/2024",5221.42
"05/14/2024",5246.68
"05/15/2024",5308.15
"05/16/2024",5297.1
"05/17/2024",5303.27
"05/20/2024",5308.13
"05/21/2024",5321.41
"05/22/2024",5307.01
"05/23/2024",5267.84
"05/24/2024",5304.72
"05/28/2024",5306.04
"05/29/2024",5266.95
"05/30/2024",5235.48
"05/31/2024",5277.51
"06/03/2024",5283.4
"06/04/2024",5291.34
"06/05/2024",5354.03
"06/06/2024",5352.96
"06/07/2024",5346.99
"06/10/2024",5360.79
"06/11/2024",5375.32
"06/12/2024",5421.03
"06/13/2024",5433.74
"06/14/2024",5431.6
"06/17/2024",5473.23
"06/18/2024",5487.03
"06/20/2024",5473.17
"06/21/2024",5464.62
"06/24/2024",5447.87
"06/25/2024",5469.3
"06/26/2024",5477.9
"06/27/2024",5482.87
"06/28/2024",5460.48
"07/01/2024",5475.09
"07/02/2024",5509.01
"07/03/2024",5537.02
"07/05/2024",5567.19
"07/08/2024",5572.85
"07/09/2024",5576.98
"07/10/2024",5633.91
"07/11/2024",5584.54
"07/12/2024",5615.35
"07/15/2024",5631.22
"07/16/2024",5667.2
"07/17/2024",5588.27
"07/18/2024",5544.59
"07/19/2024",5505
"07/22/2024",5564.41
"07/23/2024",5555.74
"07/24/2024",5427.13
"07/25/2024",5399.22
"07/26/2024",5459.1
"07/29/2024",5463.54
"07/30/2024",5436.44
"07/31/2024",5522.3
"08/01/2024",5446.68
"08/02/2024",5346.56
"08/05/2024",5186.33
"08/06/2024",5240.03
"08/07/2024",5199.5
"08/08/2024",5319.31
"08/09/2024",5344.16
"08/12/2024",5344.39
"08/13/2024",5434.43
"08/14/2024",5455.21
"08/15/2024",5543.22
"08/16/2024",5554.25
"08/19/2024",5608.25
"08/20/2024",5597.12
"08/21/2024",5620.85
"08/22/2024",5570.64
"08/23/2024",5634.61
"08/26/2024",5616.84
"08/27/2024",5625.8
"08/28/2024",5592.18
"08/29/2024",5591.96
"08/30/2024",5648.4
"09/03/2024",5528.93
"09/04/2024",5520.07
"09/05/2024",5503.41
"09/06/2024",5408.42
"09/09/2024",5471.05
"09/10/2024",5495.52
"09/11/2024",5554.13
"09/12/2024",5595.76
"09/13/2024",5626.02
"09/16/2024",5633.09
"09/17/2024",5634.58
"09/18/2024",5618.26
"09/19/2024",5713.64
"09/20/2024",5702.55
"09/23/2024",5718.57
"09/24/2024",5732.93
"09/25/2024",5722.26
"09/26/2024",5745.37
"09/27/2024",5738.17
"09/30/2024",5762.48
"10/01/2024",5708.75
"10/02/2024",5709.54
"10/03/2024",5699.94
"10/04/2024",5751.07
"10/07/2024",5695.94
"10/08/2024",5751.13
"10/09/2024",5792.04
"10/10/2024",5780.05
"10/11/2024",5815.03
"10/14/2024",5859.85
"10/15/2024",5815.26
"10/16/2024",5842.47
"10/17/2024",5841.47
"10/18/2024",5864.67
"10/21/2024",5853.98
"10/22/2024",5851.2
"10/23/2024",5797.42
"10/24/2024",5809.86
"10/25/2024",5808.12
"10/28/2024",5823.52
"10/29/2024",5832.92
"10/30/2024",5813.67
"10/31/2024",5705.45
"11/01/2024",5728.8
"11/04/2024",5712.69
"11/05/2024",5782.76
"11/06/2024",5929.04
"11/07/2024",5973.1
"11/08/2024",5995.54
"11/11/2024",6001.35
"11/12/2024",5983.99
"11/13/2024",5985.38
"11/14/2024",5949.17
"11/15/2024",5870.62
"11/18/2024",5893.62
"11/19/2024",5916.98
"11/20/2024",5917.11
"11/21/2024",5948.71
"11/22/2024",5969.34
"11/25/2024",5987.37
"11/26/2024",6021.63
"11/27/2024",5998.74
"11/29/2024",6032.38
"12/02/2024",6047.15
"12/03/2024",6049.88
"12/04/2024",6086.49
"12/05/2024",6075.11
"12/06/2024",6090.27
"12/09/2024",6052.85
"12/10/2024",6034.91
"12/11/2024",6084.19
"12/12/2024",6051.25
"12/13/2024",6051.09
"12/16/2024",6074.08
"12/17/2024",6050.61
"12/18/2024",5872.16
"12/19/2024",5867.08
"12/20/2024",5930.85
"12/23/2024",5974.07
"12/24/2024",6040.04
"12/26/2024",6037.59
"12/27/2024",5970.84
"12/30/2024",5906.94
"12/31/2024",5881.63
"01/02/2025",5868.55
"01/03/2025",5942.47
"01/06/2025",5975.38
"01/07/2025",5909.03
"01/08/2025",5918.25
"01/10/2025",5827.04
"01/13/2025",5836.22
"01/14/2025",5842.91
"01/15/2025",5949.91
"01/16/2025",5937.34
"01/17/2025",5996.66
"01/21/2025",6049.24
"01/22/2025",6086.37
"01/23/2025",6118.71
"01/24/2025",6101.24
"01/27/2025",6012.28
"01/28/2025",6067.7
"01/29/2025",6039.31
"01/30/2025",6071.17
"01/31/2025",6040.53
"02/03/2025",5994.57
"02/04/2025",6037.88
"02/05/2025",6061.48
"02/06/2025",6083.57
"02/07/2025",6025.99
"02/10/2025",6066.44
"02/11/2025",6068.5
"02/12/2025",6051.97
"02/13/2025",6115.07
"02/14/2025",6114.63
"02/18/2025",6129.58
"02/19/2025",6144.15
"02/20/2025",6117.52
"02/21/2025",6013.13
"02/24/2025",5983.25
"02/25/2025",5955.25
"02/26/2025",5956.06
"02/27/2025",5861.57
"02/28/2025",5954.5
"03/03/2025",5849.72
"03/04/2025",5778.15
"03/05/2025",5842.63
"03/06/2025",5738.52
"03/07/2025",5770.2
"03/10/2025",5614.56
"03/11/2025",5572.07
"03/12/2025",5599.3
"03/13/2025",5521.52
"03/14/2025",5638.94
"03/17/2025",5675.12
"03/18/2025",5614.66
"03/19/2025",5675.29
"03/20/2025",5662.89
"03/21/2025",5667.56
"03/24/2025",5767.57
"03/25/2025",5776.65
"03/26/2025",5712.2
"03/27/2025",5693.31
"03/28/2025",5580.94
"03/31/2025",5611.85
"04/01/2025",5633.07
"04/02/2025",5670.97
"04/03/2025",5396.52
"04/04/2025",5074.08
"04/07/2025",5062.25
"04/08/2025",4982.77
"04/09/2025",5456.9
"04/10/2025",5268.05
"04/11/2025",5363.36
"04/14/2025",5405.97
"04/15/2025",5396.63
"04/16/2025",5275.7
"04/17/2025",5282.7
"04/21/2025",5158.2
"04/22/2025",5287.76
"04/23/2025",5375.86
"04/24/2025",5484.77
"04/25/2025",5525.21
"04/28/2025",5528.75
"04/29/2025",5560.83
"04/30/2025",5569.06
"05/01/2025",5604.14
"05/02/2025",5686.67
"05/05/2025",5650.38
"05/06/2025",5606.91
"05/07/2025",5631.28
"05/08/2025",5663.94
"05/09/2025",5659.91
"05/12/2025",5844.19
"05/13/2025",5886.55
"05/14/2025",5892.58
"05/15/2025",5916.93
"05/16/2025",5958.38
"05/19/2025",5963.6
"05/20/2025",5940.46
"05/21/2025",5844.61
"05/22/2025",5842.01
"05/23/2025",5802.82
"05/27/2025",5921.54
"05/28/2025",5888.55
"05/29/2025",5912.17
"05/30/2025",5911.69
"06/02/2025",5935.94
"06/03/2025",5970.37
"06/04/2025",5970.81
"06/05/2025",5939.3
"06/06/2025",6000.36
"06/09/2025",6005.88
"06/10/2025",6038.81
"06/11/2025",6022.24
"06/12/2025",6045.26
"06/13/2025",5976.97
"06/16/2025",6033.11
"06/17/2025",5982.72
"06/18/2025",5980.87
"06/20/2025",5967.84
"06/23/2025",6025.17
"06/24/2025",6092.18
"06/25/2025",6092.16
"06/26/2025",6141.02
"06/27/2025",6173.07
"06/30/2025",6204.95
"07/01/2025",6198.01
"07/02/2025",6227.42
"07/03/2025",6279.35
"07/07/2025",6229.98
"07/08/2025",6225.52
"07/09/2025",6263.26
"07/10/2025",6280.46
"07/11/2025",6259.75
"07/14/2025",6268.56
"07/15/2025",6243.76
"07/16/2025",6263.7
"07/17/2025",6297.36
"07/18/2025",6296.79
"07/21/2025",6305.6
"07/22/2025",6309.62
"07/23/2025",6358.91
"07/24/2025",6363.35
"07/25/2025",6388.64
"07/28/2025",6389.77
"07/29/2025",6370.86
"07/30/2025",6362.9
"07/31/2025",6339.39
"08/01/2025",6238.01
"08/04/2025",6329.94
"08/05/2025",6299.19
"08/06/2025",6345.06
"08/07/2025",6340
"08/08/2025",6389.45
"08/11/2025",6373.45
"08/12/2025",6445.76
"08/13/2025",6466.58
"08/14/2025",6468.54
"08/15/2025",6449.8
"08/18/2025",6449.15
"08/19/2025",6411.37
"08/20/2025",6395.78
"08/21/2025",6370.17
"08/22/2025",6466.91
"08/25/2025",6439.32
"08/26/2025",6465.94
"08/27/2025",6481.4
"08/28/2025",6501.86
"08/29/2025",6460.26
"09/02/2025",6415.54
"09/03/2025",6448.26
"09/04/2025",6502.08
"09/05/2025",6481.5
"09/08/2025",6495.15
"09/09/2025",6512.61
"09/10/2025",6532.04
"09/11/2025",6587.47
"09/12/2025",6584.29
"09/15/2025",6615.28
"09/16/2025",6606.76
"09/17/2025",6600.35
"09/18/2025",6631.96
"09/19/2025",6664.36
"09/22/2025",6693.75
"09/23/2025",6656.92
"09/24/2025",6637.97
"09/25/2025",6604.72
"09/26/2025",6643.7
"09/29/2025",6661.21
"09/30/2025",6688.46
"10/01/2025",6711.2
"10/02/2025",6715.35
"10/03/2025",6715.79
"10/06/2025",6740.28
"10/07/2025",6714.59
"10/08/2025",6753.72
"10/09/2025",6735.11
"10/10/2025",6552.51
"10/13/2025",6654.72
"10/14/2025",6644.31
"10/15/2025",6671.06
"10/16/2025",6629.07
"10/17/2025",6664.01
"10/20/2025",6735.13
"10/21/2025",6735.35
"10/22/2025",6699.4
"10/23/2025",6738.44
"10/24/2025",6791.69
"10/27/2025",6875.16
"10/28/2025",6890.89
"10/29/2025",6890.59
"10/30/2025",6822.34
"10/31/2025",6840.2
"11/03/2025",6851.97
"11/04/2025",6771.55
"11/05/2025",6796.29
"11/06/2025",6720.32
"11/07/2025",6728.8
"11/10/2025",6832.43
"11/11/2025",6846.61
"11/12/2025",6850.92
"11/13/2025",6737.49
"11/14/2025",6734.11
"11/17/2025",6672.41
"11/18/2025",6617.32
"11/19/2025",6642.16